{
	"id" : 6,
	"key" : "witch",
	"furniture_required" : [[141]],
	"equipped_helmet" : 249,
	"equipped_armor" : 247,
	"equipped_legs" : 248,
	"name" : "The Witch",
	"hair" : "sprPlayerHair03",
	"spawn_script" : "npc_custom_spawn_default",
	"dialogue_script" : "npc_custom_dialogue_default",
	"shop" : "[[153,\"db_item\"],[154,\"db_item\"],[99,\"db_recipe\"],[164,\"db_recipe\"],[67,\"db_recipe\"],[68,\"db_recipe\"],[70,\"db_recipe\"],[71,\"db_recipe\"],[69,\"db_recipe\"],[451,\"db_recipe\"],[461,\"db_recipe\"],[452,\"db_recipe\"],[462,\"db_recipe\"],[202,\"db_item\"],[spreading_spores@spores_bluemushroom,\"db_item\"],[spreading_spores@spores_brownmushroom,\"db_item\"],[spreading_spores@spores_purplemushroom,\"db_item\"],[spreading_spores@spores_redmushroom,\"db_item\"],[spreading_spores@spores_greenneonshroom,\"db_item\"],[spreading_spores@spores_pinkneonshroom,\"db_item\"]]",
	"texts" : "[[lang(LK.K_NPC_DIALOGUE_WITCH_01)],[lang(LK.K_NPC_DIALOGUE_WITCH_02)]]",
	"unlocked" : 0,
	"can_join_community" : 1,
	"appear_in_biome" : 13,
	"spawn_chance" : 0.25,
	"can_spawn_in_caves" : 1,
	"spridle" : "sprBasePlayerIdle01",
	"sprwalk" : "sprBasePlayerWalk01",
	"sprattack" : "sprBasePlayerAttack01",
	"sprattackwalk" : "sprBasePlayerAttackWalk01",
	"spritemidle" : "sprBasePlayerItemIdle01",
	"spritemwalk" : "sprBasePlayerItemWalk01",
	"sprhand" : "sprBasePlayerHand01",
	"sprgore" : "sprBasePlayerGore01",
	"condition_script" : null,
	"first_dialogue" : "K_NPC_DIALOGUE_WITCH_FIRST",
	"quest_rewards" : null,
	"quests" : [[130]],
	"shop_locked_items" : 0,
	"tied_sprite" : null,
	"spawn_in_random_island" : 0,
	"sprhead" : "sprBasePlayerHead01",
	"quests_in_order" : 0,
	"names" : "[[lang(LK.K_NPC_NAME_WITCH_01)],[lang(LK.K_NPC_NAME_WITCH_02)]]",
	"quest_daily_limit" : 0,
	"world_quests" : 0,
	"quests_are_repeatable" : 1,
	"cs_onnpcshopopen" : "null",
	"cs_onnpccreate" : "null",
}