{
	"id" : 5001,
	"key" : "GoldenBunny@golden_rabbit",
	"ai" : 153,
	"name" : "Golden Rabbit",
	"hp" : 100,
	"body_damage" : 0,
	"height" : 0,
	"speed" : 100,
	"friction" : 30,
	"knockback_immune" : 0,
	"boss" : 0,
	"collides" : 1,
	"flips" : 1,
	"flying" : 0,
	"sprite_idle" : "sprNPCCritterGoldenRabbitIdle",
	"sprite_run" : "sprNPCCritterGoldenRabbitRun",
	"sprite_item_idle" : null,
	"sprite_item_walk" : null,
	"sprite_hand" : null,
	"sprite_gore" : "sprNPCCritterRabbitGore",
	"loot" : "[[135,1,1,1,\"db_item\"],[175,1,10,10,\"db_item\"],[GoldenBunny@golden_rabbit_meat,1,1,1,\"db_item\"]]",
	"spawn_day" : 1,
	"spawn_night" : 1,
	"is_spider" : 0,
	"sprite_leg_1" : null,
	"sprite_leg_2" : null,
	"sprite_leg_joint" : null,
	"sound_step" : null,
	"sound_hit" : null,
	"sound_death" : 36,
	"sound_attack_1" : null,
	"sound_attack_2" : null,
	"sound_attack_3" : null,
	"sound_attack_4" : null,
	"does_step_sound" : null,
	"mask_sprite" : "sprNPCCritterRabbitMask",
	"uses_weapon" : null,
	"attack_range" : 0,
	"sprite_attack" : null,
	"sprite_attack_walk" : null,
	"light_radius" : 2,
	"ai_mod_1" : null,
	"ai_mod_2" : null,
	"ai_mod_3" : null,
	"buffs" : null,
	"water_penalty" : 0,
	"sprite_extra_1" : null,
	"sprite_extra_2" : null,
	"sprite_extra_3" : null,
	"sprite_extra_4" : null,
	"damage" : 0,
	"custom_eye_candy_script" : null,
	"defense" : 0,
	"gd_points" : 3,
	"sprite_shadow" : "sprEntityShadowMedium",
	"light_color" : 10147803,
	"light_offset_x" : 0,
	"light_offset_y" : 0,
	"enraged_ai_script" : null,
	"enrages_at" : 0,
	"is_segmented" : null,
	"worm_segments" : null,
	"worm_segments_distance" : null,
	"worm_segments_armor" : null,
	"lock_position" : null,
	"lock_ik_sprite" : null,
	"lock_distance" : 0,
	"knockback" : 1,
	"cs_onmobdeath" : "null",
	"spider_segments" : null,
	"object" : "objMob",
	"cs_onmobupdate" : "null",
	"can_be_damaged" : 1,
	"cs_onmobdraw" : "null",
	"weapons" : null,
	"shadow_data" : "0|5|11|11|4",
	"cast_shadow" : 1,
	"codex_unlockable" : 1,
	"codex_kills_required" : 25,
	"icon" : "sprNPCCritterGoldenRabbitIcon",
	"soul_loot" : null,
	"can_jump_over_everything" : 0,
	"miniboss" : 0,
	"does_water_sound" : 1,
	"is_critter" : 1,
	"shadow_x_offset" : 0,
	"targeted_by_summons" : 0,
	"loot_hard_difficulty" : "[[175,1,15,15,\"db_item\"]]",
	"cs_onmobspawn" : "null",
}