{
	"id" : 5001,
	"key" : "GoldenBunny@golden_rabbit_meat",
	"name" : "Golden Rabbit Meat",
	"width" : 1,
	"height" : 1,
	"icon" : "sprItemGoldenRabbitMeat",
	"quantity_max" : 999,
	"type" : "Ingredient",
	"show" : 0,
	"auto_swing" : 0,
	"action" : 10,
	"speed" : 100,
	"damage" : 1,
	"crit_chance" : 0,
	"knockback" : 0,
	"pierce" : 0,
	"ammo_required" : null,
	"ammo_type" : null,
	"ammo_generated" : null,
	"description" : "Despite the ordinary meat look",
	"aim_range" : " it has a golden lining.",
	"ingame_sprite" : 1,
	"build_block" : "sprItemGoldenRabbitMeat",
	"trail_type" : null,
	"buy" : null,
	"sell" : 10000,
	"fixed_damage" : 5000,
	"summon" : 0,
	"consume_sound" : null,
	"emits_light" : null,
	"power" : 0,
	"mana_consumption" : 0,
	"buff_list" : 0,
	"crit_damage" : null,
	"use_animation" : "1",
	"damage_reduction" : null,
	"axe_damage" : 0,
	"pickaxe_damage" : 0,
	"use_particle_animation" : "0",
	"use_sound" : null,
	"contact_damage" : 56,
	"cs_onitemuse" : "null",
	"dispersion" : null,
	"actions_per_second" : 0,
	"swing_arc" : 1,
	"use_animation_easing" : 180,
	"consume_buffs" : null,
	"consume_duration" : null,
	"ingame_hand_sprite" : 0,
	"potion_sickness" : null,
	"hp_recover" : 0,
	"mp_recover" : 0,
	"consumable" : 0,
	"has_trail" : 0,
	"damage_type" : null,
	"set_buff" : null,
	"set_requirements" : null,
	"buffs" : null,
	"buffs_duration" : null,
	"affix" : null,
	"buff_chance" : null,
	"hook_speed" : 0,
	"hook_range" : null,
	"is_material" : null,
	"weapon_use_trigger" : 0,
	"cs_onweapontrigger" : "0",
	"weapon_use_trigger_type" : null,
	"charge_time" : null,
	"cs_onweaponcharged" : "null",
	"charge_script_on_trigger" : null,
	"charge_disables_ammo" : null,
	"ammo_created" : null,
	"hook_sprite" : null,
	"hook_grab_sound" : null,
	"hook_grab_destroy" : null,
	"summon_id" : null,
	"gender" : "null",
	"map_chart_positive" : "K_ITEM_GENDER_MEAT",
	"map_chart_negative" : null,
	"map_chart_chance" : null,
	"data" : 0,
	"cs_onweaponhit" : "0",
	"use_animation_charged" : "null",
	"hoe_damage" : null,
	"shoot_offset_x" : 0,
	"shoot_offset_y" : 0,
	"well_fed" : 0,
	"held" : 0,
	"fishing_mastery" : null,
	"cs_onweaponkill" : "null",
	"unlocks_recipe" : null,
	"animation_instant" : null,
	"set_description" : "0",
	"flip_swing_sprite" : null,
	"charge_disables_script" : 0,
	"reverse_team" : 0,
	"show_hair" : 0,
	"ref_mob" : 0,
	"cs_onhookupdate" : null,
	"pet" : null,
	"drop_text_color" : "null",
	"generate_ammo" : "Tier 1",
}